Affermazione|I like speaking English|Mi piace parlare Inglese
Affermazione|You are intelligent|Sei intelligente!
Affermazione|You are very fast!|Sei molto veloce!
Affermazione|You did it!|Ce l'hai fatta!
Affermazione|You learned a lot!|Hai imparato molto!
Affermazione|You're right|Hai ragione
Aggettivi - dimensioni|Big|Grande
Aggettivi - dimensioni|Huge|Enorme
Aggettivi - dimensioni|Large|Largo/Grande
Aggettivi - dimensioni|Long|Lungo
Aggettivi - dimensioni|Narrow|Stretto
Aggettivi - dimensioni|Short|Corto
Aggettivi - dimensioni|Small|Piccolo
Aggettivi - dimensioni|Tall|Alto
Aggettivi - dimensioni|Thick|Spesso
Aggettivi - dimensioni|Thin|Sottile
Aggettivi - dimensioni|Tiny|Piccolissimo
Aggettivi - dimensioni|Wide|Ampio
Aggettivi - qualità|Amazing|Incredibile
Aggettivi - qualità|Awful|Terribile
Aggettivi - qualità|Bad|Cattivo
Aggettivi - qualità|Beautiful|Bello
Aggettivi - qualità|Cold|Freddo
Aggettivi - qualità|Difficult|Difficile
Aggettivi - qualità|Easy|Facile
Aggettivi - qualità|Excellent|Eccellente
Aggettivi - qualità|Fast|Veloce
Aggettivi - qualità|Good|Buono
Aggettivi - qualità|Hot|Caldo
Aggettivi - qualità|New|Nuovo
Aggettivi - qualità|Nice|Carino
Aggettivi - qualità|Old|Vecchio
Aggettivi - qualità|Perfect|Perfetto
Aggettivi - qualità|Slow|Lento
Aggettivi - qualità|Terrible|Terribile
Aggettivi - qualità|Ugly|Brutto
Al Bar / Caffetteria|Can I get this to go?|Posso averlo da asporto?
Al Bar / Caffetteria|Could I have almond milk instead?|Potrei avere latte di mandorla?
Al Bar / Caffetteria|Extra shot of espresso, please|Un caffè in più, grazie
Al Bar / Caffetteria|I'd like a cappuccino, please|Vorrei un cappuccino
Al Bar / Caffetteria|Is service included?|Il servizio è incluso?
Al Bar / Caffetteria|Keep the change|Tenga il resto
Al Bar / Caffetteria|No sugar, please|Senza zucchero, grazie
Al Bar / Caffetteria|What's your specialty?|Qual è la vostra specialità?
Alimentari / Supermercato|Can I get 200g of ham?|Posso avere 200g di prosciutto?
Alimentari / Supermercato|Could I have a receipt?|Potrei avere lo scontrino?
Alimentari / Supermercato|Do you sell organic vegetables?|Vendete verdure biologiche?
Alimentari / Supermercato|Do you take reusable bags?|Accettate borse riutilizzabili?
Alimentari / Supermercato|How much is this per kilo?|Quanto costa al chilo?
Alimentari / Supermercato|Is there a discount if I buy two?|C'è uno sconto se ne prendo due?
Alimentari / Supermercato|Is this gluten-free?|Senza glutine?
Alimentari / Supermercato|Where can I find the milk?|Dove trovo il latte?
Alla pompa di benzina|Can you check the oil/water?|Può controllare l'olio/l'acqua?
Alla pompa di benzina|Could you clean the windshield?|Può pulire il parabrezza?
Alla pompa di benzina|Do you take contactless?|Accettate pagamenti contactless?
Alla pompa di benzina|Fill it up, please|Faccia il pieno, per favore
Alla pompa di benzina|How much is gas per liter/gallon?|Quanto costa il carburante al litro/gallone?
Alla pompa di benzina|I need to fill up the tank|Devo fare il pieno
Alla pompa di benzina|I'll pay by card/cash|Pago con carta/contanti
Alla pompa di benzina|Is there air for the tires?|C'è l'aria per le gomme?
Alla pompa di benzina|Just half a tank|Solo mezzo serbatoio
Alla pompa di benzina|Pump number 3, please|Pompa numero 3, grazie
Alla pompa di benzina|Regular/Unleaded/Diesel, please|Benzina verde/Gasolio, per favore
Alla pompa di benzina|Stop at €40|Fermati a 40 euro
Alla pompa di benzina|€50 worth, please|50 euro, grazie
Animali domestici|Do you have any pets?|Hai animali domestici?
Animali domestici|I would like to buy some kibble for my cat|Vorrei comprare i croccantini per il mio gatto
Animali domestici|I'm afraid of dogs|Ho paura dei cani
Animali domestici|My dog is friendly|Il mio cane è socievole
Animali domestici|What's your pet's name?|Come si chiama il tuo animale?
Assicurazioni|How long will the claim process take?|Quanto durerà la pratica del sinistro?
Assicurazioni|I need a copy of my policy|Ho bisogno di una copia della mia polizza
Assicurazioni|I need to add a driver to my policy|Devo aggiungere un conducente alla mia polizza
Assicurazioni|I need to make a claim|Devo fare un reclamo
Assicurazioni|I need to update my coverage|Devo aggiornare la mia copertura
Assicurazioni|I've had an insurance event|Ho avuto un sinistro
Assicurazioni|My policy number is...|Il mio numero di polizza è...
Assicurazioni|What does my insurance cover?|Cosa copre la mia assicurazione?
Assicurazioni|What's my deductible?|Qual è la mia franchigia?
Assicurazioni|Where do I send the documents?|Dove devo inviare i documenti?
Banca e soldi|ATM|Bancomat
Banca e soldi|Can I exchange money here?|Posso cambiare soldi qui?
Banca e soldi|Can I pay by card?|Posso pagare con la carta?
Banca e soldi|Cash|Contanti
Banca e soldi|Check|Assegno
Banca e soldi|Credit card|Carta di credito
Banca e soldi|Debit card|Carta di debito
Banca e soldi|How much does it cost?|Quanto costa?
Banca e soldi|I need to withdraw money|Devo prelevare dei soldi
Banca e soldi|I'd like to open an account|Vorrei aprire un conto
Banca e soldi|It's cheap|È economico
Banca e soldi|It's expensive|È costoso
Banca e soldi|What's the exchange rate?|Qual è il tasso di cambio?
Banca e soldi|Where's the nearest ATM?|Dov'è il bancomat più vicino?
Chiarimenti|Can you say that again?|Puoi dirlo di nuovo?
Chiarimenti|Can you speak slower?|Puoi parlare più lentamente?
Chiarimenti|Can you write it down for me?|Puoi scrivermelo?
Chiarimenti|Do you speak English?|Parli Inglese?
Chiarimenti|Do you understand?|Capisci?
Chiarimenti|I don't know|Non lo so
Chiarimenti|I don't understand|Non capisco
Chiarimenti|I speak a little bit of Spanish|Parlo un po' di Spagnolo
Chiarimenti|I think you said…|Credo che tu abbia detto…
Chiarimenti|I'm sorry|Mi dispiace
Chiedere e dare pareri|Everyone should…|Tutti dovrebbero…
Chiedere e dare pareri|I agree|Sono d'accordo
Chiedere e dare pareri|I disagree|Non sono d'accordo
Chiedere e dare pareri|If it was me…|Se fossi in te…
Chiedere e dare pareri|In my opinion…|Secondo me…
Chiedere e dare pareri|It doesn't matter|Non importa
Chiedere e dare pareri|What do you think about that?|Cosa ne pensi?
Chiedere e dare pareri|What do you think about…?|Cosa pensi di…?
Chiedere e dare pareri|… is better than …|… è meglio di …
Chiedere e dare pareri|… is worse than …|… è peggio di …
Cibo e Cucina|Could I have some water?|Potrei avere dell'acqua?
Cibo e Cucina|Could I have the recipe?|Potrei avere la ricetta?
Cibo e Cucina|Does this contain gluten?|Questo contiene glutine?
Cibo e Cucina|How do I know when it's cooked?|Come faccio a sapere quando è cotto?
Cibo e Cucina|How long should I bake this?|Per quanto tempo devo infornare?
Cibo e Cucina|I'd like to order takeaway|Vorrei ordinare da asporto
Cibo e Cucina|I'm a vegetarian|Sono vegetariano
Cibo e Cucina|I'm following a recipe|Sto seguendo una ricetta
Cibo e Cucina|The food is too salty|Il cibo è troppo salato
Cibo e Cucina|This needs more seasoning|Questo ha bisogno di più condimento
Clima|It's chilly today|Oggi fa fresco
Clima|It's pouring outside!|Sta diluviando!
Clima|The weather is unpredictable|Il tempo è incerto
Colori|Black|Nero
Colori|Blue|Blu
Colori|Brown|Marrone
Colori|Dark green|Verde scuro
Colori|Gray / Grey|Grigio
Colori|Green|Verde
Colori|I like the blue one|Mi piace quello blu
Colori|It's red|È rosso
Colori|Light blue|Azzurro
Colori|Light pink|Rosa chiaro
Colori|Orange|Arancione
Colori|Pink|Rosa
Colori|Purple|Viola
Colori|Red|Rosso
Colori|She's wearing a green dress|Indossa un vestito verde
Colori|The car is white|La macchina è bianca
Colori|What color is it?|Di che colore è?
Colori|White|Bianco
Colori|Yellow|Giallo
Come avviare una frase al futuro|Do you want to meet tomorrow?|Ti va di vederci domani?
Come avviare una frase al futuro|Do you want to…?|Ti va di…?
Come avviare una frase al futuro|Future predictions|Previsioni
Come avviare una frase al futuro|Going to|Piani già stabiliti "I'm going to study tonight"
Come avviare una frase al futuro|I don't plan to stay long|Non piano di rimanere a lungo
Come avviare una frase al futuro|I hope it won't rain|Spero non piova
Come avviare una frase al futuro|I hope to see you soon|Spero di vederti presto
Come avviare una frase al futuro|I hope to…|Spero di…
Come avviare una frase al futuro|I may change jobs|Potrei cambiare lavoro
Come avviare una frase al futuro|I might not come|Potrei non venire
Come avviare una frase al futuro|I might visit Rome|Potrei visitare Roma
Come avviare una frase al futuro|I might… / I may…|Potrei…
Come avviare una frase al futuro|I plan to start a business|Piano di avviare un'attività
Come avviare una frase al futuro|I plan to…|Piano di…
Come avviare una frase al futuro|I promise I'll help you|Prometto che ti aiuterò
Come avviare una frase al futuro|I promise I'll…|Prometto che…
Come avviare una frase al futuro|I swear I won't tell anyone|Giuro che non lo dirò a nessuno
Come avviare una frase al futuro|I will call you later|Ti chiamerò più tardi
Come avviare una frase al futuro|I will try my best|Farò del mio meglio
Come avviare una frase al futuro|I will …|Farò …
Come avviare una frase al futuro|I won't forget|Non dimenticherò
Come avviare una frase al futuro|I'll probably be late|Probabilmente arriverò in ritardo
Come avviare una frase al futuro|I'll probably order pizza|Probabilmente ordinerò una pizza
Come avviare una frase al futuro|I'll probably…|Probabilmente…
Come avviare una frase al futuro|I'm about to eat|Sto per mangiare
Come avviare una frase al futuro|I'm about to leave|Sto per uscire
Come avviare una frase al futuro|I'm about to…|Sto per… (azione immediata)
Come avviare una frase al futuro|I'm going to learn Spanish|Sto per imparare lo spagnolo
Come avviare una frase al futuro|I'm going to travel next month|Ho intenzione di viaggiare il mese prossimo
Come avviare una frase al futuro|I'm going to…|Sto per/ho intenzione di…
Come avviare una frase al futuro|I'm hoping to get promoted|Spero di ottenere una promozione
Come avviare una frase al futuro|I'm looking forward to the weekend|Non vedo l'ora che arrivi il weekend
Come avviare una frase al futuro|I'm looking forward to…|Non vedo l'ora di…
Come avviare una frase al futuro|I'm not going to give up|Non ho intenzione di arrendermi
Come avviare una frase al futuro|I'm planning a trip|Sto pianificando un viaggio
Come avviare una frase al futuro|I'm saving for a rainy day|Sto risparmiando per tempi difficili
Come avviare una frase al futuro|I'm saving up to buy a house|Sto risparmiando per comprare una casa
Come avviare una frase al futuro|I'm saving up to…|Sto risparmiando per…
Come avviare una frase al futuro|I'm so excited for the concert!|Sono entusiasta del concerto!
Come avviare una frase al futuro|I'm thinking about buying a car|Sto valutando di comprare una macchina
Come avviare una frase al futuro|I'm thinking of moving|Sto pensando di trasferirmi
Come avviare una frase al futuro|I'm thinking of…|Sto pensando di…
Come avviare una frase al futuro|In the future, I want to retire early|In futuro, voglio andare in pensione presto
Come avviare una frase al futuro|In the future, I want to…|In futuro, voglio…
Come avviare una frase al futuro|It's going to be fun!|Sarà divertente!
Come avviare una frase al futuro|Let's go to the beach!|Andiamo in spiaggia!
Come avviare una frase al futuro|Let's not argue|Non litighiamo
Come avviare una frase al futuro|Let's…|Facciamo…
Come avviare una frase al futuro|One day, I'd like to write a book|Un giorno, mi piacerebbe scrivere un libro
Come avviare una frase al futuro|Will|Decisioni spontanee "I'll answer the phone"
Come avviare una frase al futuro|Would you like to join us?|Ti uniresti a noi?
Come avviare una frase al futuro|You'll love this movie!|Adorerai questo film!
Come avviare una frase nel Presente|I believe I am going to quit my job next week|Credo che lascerò il mio lavoro la prossima settimana
Come avviare una frase nel Presente|I believe I am going to win the lottery|Credo che vincerò la lotteria
Come avviare una frase nel Presente|I believe…|Credo…
Come avviare una frase nel Presente|I enjoy eating bananas|Mi piace mangiare le banane
Come avviare una frase nel Presente|I enjoy…|Mi piace/Apprezzo…
Come avviare una frase nel Presente|I feel better|Mi sento meglio
Come avviare una frase nel Presente|I feel like eating a burger|Ho voglia di un hamburger
Come avviare una frase nel Presente|I feel sick|Mi sento malato
Come avviare una frase nel Presente|I feel…|Mi sento…
Come avviare una frase nel Presente|I get it…|Ho capito… - colloquiale
Come avviare una frase nel Presente|I get this math problem now|Ora ho capito questo problema di matematica
Come avviare una frase nel Presente|I get what you mean|Capisco cosa intendi
Come avviare una frase nel Presente|I guess you're right|Direi che hai ragione
Come avviare una frase nel Presente|I have a feeling I'm going to win the lottery|Ho la sensazione che vincerò alla lotteria
Come avviare una frase nel Presente|I have six dogs at home|Ho sei cani a casa
Come avviare una frase nel Presente|I have three sisters|Ho tre sorelle
Come avviare una frase nel Presente|I have… |Ho…
Come avviare una frase nel Presente|I know her pretty well|La conosco abbastanza bene
Come avviare una frase nel Presente|I know her|La conosco
Come avviare una frase nel Presente|I know his uncle|Conosco suo zio
Come avviare una frase nel Presente|I know how to do it|So come farlo
Come avviare una frase nel Presente|I know how to handle it|So come gestirlo
Come avviare una frase nel Presente|I know what you mean|So cosa intendi
Come avviare una frase nel Presente|I know… someone|Conosco… qualcuno
Come avviare una frase nel Presente|I know… something|So… qualcosa
Come avviare una frase nel Presente|I like this|Mi piace questo
Come avviare una frase nel Presente|I like to eat bananas|Mi piace mangiare le banane
Come avviare una frase nel Presente|I like…|Mi piace…
Come avviare una frase nel Presente|I must have…|Devo avere… - esprime maggiore urgenza
Come avviare una frase nel Presente|I need to buy food|Ho bisogno di comprare del cibo
Come avviare una frase nel Presente|I need to grab some food|Devo prendere qualcosa da mangiare
Come avviare una frase nel Presente|I need to pay my cable bill|Ho bisogno di pagare la mia bolletta della tv via cavo
Come avviare una frase nel Presente|I need…|Ho bisogno di…
Come avviare una frase nel Presente|I prefer chicken to beef|Preferisco il pollo al manzo
Come avviare una frase nel Presente|I prefer to do it myself|Preferisco farlo da solo
Come avviare una frase nel Presente|I prefer…|Preferisco…
Come avviare una frase nel Presente|I require…|Mi serve… - più formale
Come avviare una frase nel Presente|I see what he's saying|Capisco cosa sta dicendo
Come avviare una frase nel Presente|I think you are confused|Penso che tu sia confuso
Come avviare una frase nel Presente|I think you are right|Penso che tu abbia ragione
Come avviare una frase nel Presente|I think you might be mistaken|Penso che tu possa sbagliarti
Come avviare una frase nel Presente|I think…|Penso…
Come avviare una frase nel Presente|I understand this math problem now|Ora capisco questo problema di matematica
Come avviare una frase nel Presente|I understand what he is saying|Capisco ciò che lui sta dicendo
Come avviare una frase nel Presente|I understand…|Capisco…
Come avviare una frase nel Presente|I want to eat a hamburger|Voglio mangiare un hamburger
Come avviare una frase nel Presente|I want to go swimming this afternoon|Voglio andare a nuotare oggi pomeriggio
Come avviare una frase nel Presente|I want…|Voglio…
Come avviare una frase nel Presente|I wish to…|Desidero… - più formale
Come avviare una frase nel Presente|I would like…|Vorrei… - più educato
Come avviare una frase nel Presente|I'd rather have chicken than beef|Preferisco il pollo al manzo
Come avviare una frase nel Presente|I'm convinced that…|Sono convinto che…
Come avviare una frase nel Presente|I'm familiar with…|Ho familiarità con…
Come avviare una frase nel Presente|I'm feeling much better|Mi sento molto meglio
Come avviare una frase nel Presente|I'm feeling…|Mi sto sentendo…
Come avviare una frase nel Presente|I'm friends with…|Sono amico di…
Come avviare una frase nel Presente|I'm more inclined to…|Sono più propenso a… - formale
Come avviare una frase nel Presente|I'm not feeling great today|Oggi non mi sento al massimo
Come avviare una frase nel Presente|I've got…|Ho… - più colloquiale
Come avviare una frase nel passato|I assumed you got lost|Pensavo che ti fossi perso
Come avviare una frase nel passato|I ate a delicious sandwich at the deli|Ho mangiato un panino delizioso al bar
Come avviare una frase nel passato|I ate a salad for lunch|Ho mangiato un'insalata per pranzo
Come avviare una frase nel passato|I ate…|Ho mangiato…
Come avviare una frase nel passato|I checked out a movie last night|Sono andato a vedere un film ieri sera
Come avviare una frase nel passato|I didn't think you were coming|Pensavo che non saresti venuto
Come avviare una frase nel passato|I drank beer last night at the bar|Ho bevuto birra ieri sera al bar
Come avviare una frase nel passato|I drank five glasses of water yesterday|Ho bevuto cinque bicchieri d'acqua ieri
Come avviare una frase nel passato|I drank…|Ho bevuto…
Come avviare una frase nel passato|I grabbed a delicious sandwich at the deli|Ho preso un panino delizioso al bar
Come avviare una frase nel passato|I had a few beers at the bar last night|Ieri sera ho bevuto qualche birra al bar
Come avviare una frase nel passato|I had a salad for lunch|A pranzo ho mangiato un'insalata
Come avviare una frase nel passato|I meant to ask you something|Volevo chiederti una cosa
Come avviare una frase nel passato|I played soccer when I was little|Giocavo a calcio quando ero piccolo
Come avviare una frase nel passato|I played videogames all weekend long|Ho giocato ai videogiochi per tutto il finesettimana
Come avviare una frase nel passato|I played…|Ho giocato/giocavo…
Come avviare una frase nel passato|I saw her at the salon|L'ho vista dal parrucchiere
Come avviare una frase nel passato|I saw my friend at the grocery store|Ho visto il mio amico al negozio di alimentari
Come avviare una frase nel passato|I saw…|Ho visto…
Come avviare una frase nel passato|I showed up late|Sono arrivato in ritardo
Come avviare una frase nel passato|I spent the whole weekend gaming|Ho passato tutto il weekend a giocare ai videogiochi
Come avviare una frase nel passato|I spotted her at the salon|L'ho vista dal parrucchiere
Come avviare una frase nel passato|I thought you got lost|Pensavo che ti fossi perso
Come avviare una frase nel passato|I thought you were sick|Pensavo che fossi malato
Come avviare una frase nel passato|I thought you weren't coming|Pensavo che non saresti venuto
Come avviare una frase nel passato|I thought…|Pensavo…
Come avviare una frase nel passato|I took a trip to the zoo|Sono stato allo zoo
Come avviare una frase nel passato|I wanted to ask you a question|Volevo farti una domanda
Come avviare una frase nel passato|I wanted to eat chocolate chip cookies but I didn't|Volevo mangiare dei biscotti alle gocce di cioccolato ma non l'ho fatto
Come avviare una frase nel passato|I wanted…|Volevo…
Come avviare una frase nel passato|I was craving chocolate chip cookies but didn't eat any|Avevo voglia di biscotti con gocce di cioccolato, ma non li ho mangiati
Come avviare una frase nel passato|I was five years old when I lived in Spain|Avevo cinque anni quando ho vissuto in Spagna
Come avviare una frase nel passato|I was late|Ero in ritardo
Come avviare una frase nel passato|I was sick yesterday|Ero malato ieri
Come avviare una frase nel passato|I was working there for ten years|Ho lavorato lì per dieci anni
Come avviare una frase nel passato|I wasn't feeling well yesterday|Non mi sentivo bene ieri
Come avviare una frase nel passato|I was|Avevo/Ho…
Come avviare una frase nel passato|I was…|Ero…
Come avviare una frase nel passato|I went to the movie theater|Sono andato al cinema
Come avviare una frase nel passato|I went to the zoo|Sono andato allo zoo
Come avviare una frase nel passato|I went…|Sono andato…
Come stai facendo?|What are you doing?|Cosa stai facendo?
Come stai facendo?|What are you up to?|Cosa stai combinando? Informale
Come stai facendo?|What's going on?|Che succede? Più generico e informale
Come sto|I can barely keep my eyes open|Riesco a malapena a tenere gli occhi aperti
Come sto|I could eat a horse|Espressione idiomatica: ho talmente fame che potrei mangiare un cavallo
Come sto|I need something to drink|Ho bisogno di qualcosa da bere
Come sto|I'm at peace|Sono in pace
Come sto|I'm blue|Sono giù
Come sto|I'm boiling!|Sto morendo di caldo!
Come sto|I'm bored|Sono annoiato
Come sto|I'm burning up|Sto bruciando dal caldo
Come sto|I'm buzzed|Sono brillo
Come sto|I'm climbing the walls|Espressione idiomatica: non ne posso più
Come sto|I'm cold|Ho freddo
Come sto|I'm content|Sono contento
Come sto|I'm delighted!|Sono felicissimo!
Come sto|I'm devastated|Sono devastato - per tristezza intensa
Come sto|I'm drained|Sono spossato
Come sto|I'm drowsy / I'm dozing off|Sto per addormentarmi
Come sto|I'm drunk|Sono ubriaco
Come sto|I'm exhausted!|Sono distrutto!
Come sto|I'm famished|Sono affamato, formale
Come sto|I'm feeling down / I'm upset|Sono triste, più colloquiali
Come sto|I'm freezing!|Sto gelando!
Come sto|I'm furious!|Sono furioso!
Come sto|I'm happy / I'm satisfied / I'm pleased|Sono contento, più naturali
Come sto|I'm happy|Sono felice
Come sto|I'm heartbroken|Ho il cuore spezzato
Come sto|I'm hot|Ho caldo
Come sto|I'm hungry|Ho fame
Come sto|I'm ill / I'm feeling unwell|Sono malato, più formale
Come sto|I'm in a good place|Sono in un buon posto
Come sto|I'm livid|Sono furibondo
Come sto|I'm mad/angry|Sono arrabbiato, "Mad" è più usato in inglese americano, mentre "angry" è più universale
Come sto|I'm on cloud nine|Espressione idiomatica: sono felicissimo
Come sto|I'm over the moon|Sono al settimo cielo
Come sto|I'm parched!|Ho una sete tremenda!
Come sto|I'm pissed off!|Sono incavolato! - molto informale
Come sto|I'm sad|Sono triste
Come sto|I'm seeing red|Espressione idiomatica: sono accecato dalla rabbia, vedo rosso
Come sto|I'm shivering|Sto tremando dal freddo
Come sto|I'm sick|Sono malato
Come sto|I'm sleepy|Ho sonno
Come sto|I'm so bored!|Sono così annoiato!
Come sto|I'm starving!|Ho una fame da lupi!
Come sto|I'm thirsty|Ho sete
Come sto|I'm thrilled|Sono entusiasta
Come sto|I'm ticked off|Sono irritato - americano informale
Come sto|I'm tired|Sono stanco
Come sto|I'm under the weather|Espressione idiomatica: mi sento così così
Come sto|I'm wasted / I'm tipsy|Più colloquiali: "wasted" = molto ubriaco, "tipsy" = leggermente brillo
Come sto|I'm worn out|Sono consumato/logorato
Come sto|I've caught something|Ho preso qualcosa
Come sto|I've had one too many|Ho bevuto un po' troppo
Come sto|It's sweltering in here|Fa un caldo soffocante qui dentro
Come sto|My stomach is growling|Ho lo stomaco che brontola
Come sto|My throat is dry|La mia gola è secca
Come sto|This is so dull|Questo è così noioso
Complimentarsi|Good job|Bel lavoro
Complimentarsi|Great work!|Ottimo lavoro!
Complimentarsi|How fantastic!|Che fantastico!
Complimentarsi|How marvelous|È meraviglioso
Complimentarsi|I always believed in you!|Ho sempre creduto in te!
Complimentarsi|I had no doubt!|Non avevo dubbi!
Complimentarsi|I knew you could do it|Sapevo che potevi farcela
Complimentarsi|I'm speechless!|Sono senza parole!
Complimentarsi|Incredible|Incredibile
Complimentarsi|Mind-blowing!|Sconvolgente! Colloquiale
Complimentarsi|Nice work!|Ottimo lavoro!
Complimentarsi|No way! That's amazing!|Non ci credo! È fantastico!
Complimentarsi|That's impressive work!|È un lavoro impressionante!
Complimentarsi|That's wonderful!|Che meraviglia!
Complimentarsi|This is simply delightful!|Questo è semplicemente delizioso!
Complimentarsi|Unbelievable!|Incredibile!
Complimentarsi|Very good job|Ottimo lavoro
Complimentarsi|Way to go!|Bravo! / Ottimo lavoro!
Complimentarsi|You crushed it!|L'hai spaccato! Molto colloquiale
Complimentarsi|You nailed it!|L'hai fatta alla grande!
Complimentarsi|Your hard work paid off!|Il tuo duro lavoro ha dato i suoi frutti!
Cosa farai|I have to clean the house|Devo pulire la casa
Cosa farai|I have to go to work|Devo andare a lavorare
Cosa farai|I have to study|Devo studiare
Cosa farai|I have to take the dog for a walk|I have to take the dog for a walk
Cosa farai|I have to work out|Devo allenarmi
Cosa farai|I'm going to do my work|Andrò a lavorare
Cosa farai|I'm going to eat|Mangerò
Cosa farai|I'm going to go shopping|Andrò a fare shopping
Cosa farai|I'm going to sleep|Andrò a dormire
Cosa farai|What are you going to do?|Cosa farai?
Cosa sto facendo|I'm binge-watching a series|Sto facendo una maratona di una serie tv, molto colloquiale
Cosa sto facendo|I'm busy with work|Sono occupato/a con il lavoro
Cosa sto facendo|I'm chilling with my playlist|Mi sto rilassando con la mia playlist, molto informale
Cosa sto facendo|I'm cleaning|Sto pulendo
Cosa sto facendo|I'm cooking dinner|Sto preparando cena
Cosa sto facendo|I'm doing some grocery shopping|Sto facendo la spesa alimentare
Cosa sto facendo|I'm doing some housework|Sto facendo qualche lavoro domestico
Cosa sto facendo|I'm enjoying some tunes|Mi sto godendo un po' di musica, informale
Cosa sto facendo|I'm getting dinner ready|Sto preparando la cena
Cosa sto facendo|I'm glued to the TV|Sono incollato/a alla TV, idiomatico
Cosa sto facendo|I'm in the middle of a project|Sono nel mezzo di un progetto
Cosa sto facendo|I'm listening to music|Sto ascoltando la musica
Cosa sto facendo|I'm making breakfast|Sto preparando la colazione
Cosa sto facendo|I'm running errands|Sto facendo commissioni - più generale
Cosa sto facendo|I'm shopping|Sto facendo la spesa
Cosa sto facendo|I'm taking care of my kids|Mi sto occupando dei miei bambini
Cosa sto facendo|I'm tidying up|Sto riordinando
Cosa sto facendo|I'm watching TV|Sto guardando la TV
Cosa sto facendo|I'm watching the kids|Sto badando ai bambini, informale
Cosa sto facendo|I'm whipping up dinner|Sto improvvisando la cena, colloquiale
Cosa sto facendo|I'm working|Sto lavorando
Cosa sto facendo|I've got some music on|Ho messo un po' di musica, colloquiale
Dal meccanico|Can I get a ride home?|Mi può dare un passaggio a casa?
Dal meccanico|Can you check the brakes?|Può controllare i freni?
Dal meccanico|Can you give me an estimate?|Può darmi un preventivo?
Dal meccanico|Can you rotate the tires?|Può ruotare le gomme?
Dal meccanico|Do you offer a courtesy car?|Avete un'auto di cortesia?
Dal meccanico|Full service|servizio completo è raro: di solito si fa da soli (self service)
Dal meccanico|How much will it cost?|Quanto costerà?
Dal meccanico|I need an oil change|Devo cambiare l'olio
Dal meccanico|I think the battery is dead|Credo che la batteria sia scarica
Dal meccanico|Is there a warranty?|C'è una garanzia?
Dal meccanico|Jumper cables|Cavi per batteria
Dal meccanico|My car is making a strange noise|La mia auto fa un rumore strano
Dal meccanico|Spare tire|Gomma di scorta
Dal meccanico|That's too expensive!|È troppo costoso!
Dal meccanico|The "check engine" light is on|La spia del motore è accesa
Dal meccanico|The air conditioning isn't working|L'aria condizionata non funziona
Dal meccanico|The brakes are squeaking|I freni cigolano
Dal meccanico|The engine won't start|Il motore non parte
Dal meccanico|The steering feels loose|Lo sterzo è poco preciso
Dal meccanico|The tires need air|Le gomme hanno bisogno di aria
Dal meccanico|There's a burning smell|C'è odore di bruciato
Dal meccanico|There's a leak under the car|C'è una perdita sotto la macchina
Dal meccanico|When will it be ready?|Quando sarà pronta?
Data e ora|April|Aprile
Data e ora|August|Agosto
Data e ora|December 25th, 2023|25 dicembre 2023 (venticinque dicembre duemilaventitre)
Data e ora|December|Dicembre
Data e ora|February|Febbraio
Data e ora|Friday|Venerdì
Data e ora|I'm free on Thursday|Sono libero giovedì
Data e ora|It's half past two|Sono le due e mezza
Data e ora|It's quarter past four|Sono le quattro e un quarto
Data e ora|It's quarter to five|Sono le cinque meno un quarto
Data e ora|It's ten past six|Sono le sei e dieci
Data e ora|It's three o'clock|Sono le tre
Data e ora|It's twenty to eight|Sono le otto meno venti
Data e ora|January|Gennaio
Data e ora|July|Luglio
Data e ora|June|Giugno
Data e ora|Let's meet at 3 PM|Vediamoci alle 15 / alle tre del pomeriggio
Data e ora|Let's schedule the appointment|Calendarizziamo l'appuntamento
Data e ora|March 15th, 2024|15 marzo 2024 (quindici marzo duemilaventiquattro)
Data e ora|March|Marzo
Data e ora|May|Maggio
Data e ora|Monday|Lunedì
Data e ora|November|Novembre
Data e ora|October|Ottobre
Data e ora|Saturday|Sabato
Data e ora|September|Settembre
Data e ora|Sunday|Domenica
Data e ora|The year 1995|L'anno millenovecentonovantacinque
Data e ora|The year 2024|L'anno duemilaventiquattro
Data e ora|Thursday|Giovedì
Data e ora|Tuesday|Martedì
Data e ora|Wednesday|Mercoledì
Data e ora|What time is it?|Che ore sono?
Data e ora|What time shall we meet?|A che ora ci vediamo?
Data e ora|When are you available?|Quando sei disponibile?
Dogana|Do I need to pay duty on this?|Devo pagare dazio su questo?
Dogana|How long will this take?|Quanto tempo richiederà?
Dogana|How much am I allowed to bring in?|Quanto posso portare con me?
Dogana|How much cash am I allowed to carry?|Quanto contante posso portare?
Dogana|I have nothing to declare|Non ho nulla da dichiarare
Dogana|I need to declare these items|Devo dichiarare questi articoli
Dogana|I purchased this abroad|L'ho comprato all'estero
Dogana|I'm here on vacation|Sono qui in vacanza
Dogana|These are for personal use|Questi sono per uso personale
Dogana|These are gifts|Questi sono regali
Dogana|This is prescription medication|Questo è medicinale soggetto a prescrizione
Dogana|What documents do you need?|Di quali documenti avete bisogno?
Dogana|Where is customs control?|Dov'è il controllo doganale?
Domande e risposte comuni|Could you tell me where to find …?|Potresti dirmi dove trovare …?
Domande e risposte comuni|Do you know the location of …?|Sai dov'è …? Più formale
Domande e risposte comuni|How old are you?|Quanti anni hai?
Domande e risposte comuni|I am 17 years old|Ho 17 anni
Domande e risposte comuni|I am 34 years old|Ho 34 anni
Domande e risposte comuni|I am from Chicago|Vengo da Chicago
Domande e risposte comuni|I am from Colombia|Vengo dalla Colombia
Domande e risposte comuni|I am from Panama|Vengo da Panama
Domande e risposte comuni|I grew up in …|Sono cresciuto/a a …
Domande e risposte comuni|I just turned …|Ho appena compiuto …
Domande e risposte comuni|I live in Barcelona|Vivo a Barcellona
Domande e risposte comuni|I live in Buenos Aires|Vivo a Buenos Aires
Domande e risposte comuni|I live in New York|Vivo a New York
Domande e risposte comuni|I live in Spain|Vivo in Spagna
Domande e risposte comuni|I live in …|Vivo  in/a…
Domande e risposte comuni|I was born in …|Sono nato/a a …
Domande e risposte comuni|I'll be … next month/year|Compirò … il prossimo mese/anno
Domande e risposte comuni|I'm based in …|Sono di base a … - più formale/professionale
Domande e risposte comuni|I'm from …|Vengo da…
Domande e risposte comuni|I'm in my early/mid/late twenties/thirties/etc|Sono all'inizio/metà/fine dei miei venti/trenta/ecc. - modo meno specifico
Domande e risposte comuni|I'm looking for …|Sto cercando …, modo indiretto di chiedere
Domande e risposte comuni|I'm … years old|Ho … anni
Domande e risposte comuni|I've been living in … for [time period]|Vivo a … da [periodo di tempo]
Domande e risposte comuni|If you don't mind me asking, what's your age?|Se non ti dispiace che te lo chieda, quanti anni hai? Molto cortese
Domande e risposte comuni|May I ask how old you are?|Posso chiederti quanti anni hai? Più educato
Domande e risposte comuni|My family is from …|La mia famiglia viene da … - utile se si vuole specificare le proprie origini
Domande e risposte comuni|My home is in …|La mia casa è a …
Domande e risposte comuni|What part of town are you in?|In che parte della città ti trovi? Per conversazioni locali
Domande e risposte comuni|What's your age?|Qual è la tua età? Più formale
Domande e risposte comuni|What's your country of origin?|Qual è il tuo paese d'origine? - più formale
Domande e risposte comuni|What's your hometown?|Qual è la tua città natale? - per conoscere la città specifica
Domande e risposte comuni|What's your neighborhood called?|Come si chiama il tuo quartiere?
Domande e risposte comuni|Where are you from?|Da dove vieni?
Domande e risposte comuni|Where do you live?|Dove vivi?
Domande e risposte comuni|Where is the bathroom?|Dov'è il bagno?
Domande e risposte comuni|Where is the beach?|Dov'è la spiaggia?
Domande e risposte comuni|Where is the pool?|Dov'è la piscina?
Domande e risposte comuni|Where is …?|Dov'è…?
Domande e risposte comuni|Which area do you live in?|In quale zona vivi?
Domande e risposte comuni|Which country do you come from?|Da quale paese vieni?
Educazione e scuola|Book|Libro
Educazione e scuola|Can you explain this?|Puoi spiegare questo?
Educazione e scuola|Can you repeat that?|Puoi ripetere?
Educazione e scuola|Classroom|Aula
Educazione e scuola|Exam|Esame
Educazione e scuola|Grade|Voto
Educazione e scuola|Homework|Compiti
Educazione e scuola|How do you spell it?|Come si scrive?
Educazione e scuola|I don't understand|Non capisco
Educazione e scuola|I study English|Studio inglese
Educazione e scuola|I'm a student|Sono uno/a studente/essa
Educazione e scuola|Pencil|Matita
Educazione e scuola|Pen|Penna
Educazione e scuola|School|Scuola
Educazione e scuola|Student|Studente
Educazione e scuola|Teacher|Insegnante
Educazione e scuola|University|Università
Educazione e scuola|What does this mean?|Cosa significa questo?
Emergenze|Call the police!|Chiamate la polizia!
Emergenze|I've been robbed|Sono stato derubato
Emergenze|Where's the nearest embassy?|Dov'è l'ambasciata più vicina?
Emozioni e Stati d'Animo|I'm feeling anxious|Mi sento ansioso
Emozioni e Stati d'Animo|I'm feeling conflicted|Mi sento in conflitto
Emozioni e Stati d'Animo|I'm feeling nostalgic|Mi sento nostalgico
Emozioni e Stati d'Animo|I'm feeling overwhelmed|Mi sento sopraffatto
Emozioni e Stati d'Animo|I'm overjoyed!|Sono felicissimo!
Emozioni e Stati d'Animo|I'm proud of you|Sono fiero di te
Emozioni e Stati d'Animo|I'm thrilled with the results|Sono entusiasta dei risultati
Emozioni e Stati d'Animo|That's disappointing|È deludente
Emozioni e Stati d'Animo|That's heartwarming|È commovente
Emozioni e Stati d'Animo|That's reassuring|È rassicurante
Espressioni idiomatiche|Break a leg!|In bocca al lupo!
Espressioni idiomatiche|Hit the sack|Andare a letto, informale
Espressioni idiomatiche|It's raining cats and dogs|Piove a catinelle
Espressioni idiomatiche|Pull someone's leg|Prendere in giro bonariamente
Espressioni idiomatiche|To spill the beans|Svelare un segreto 
Eventi Culturali|Are latecomers admitted?|I ritardatari sono ammessi?
Eventi Culturali|Are there any tickets available for tonight?|Ci sono biglietti disponibili per stasera?
Eventi Culturali|How long is the show?|Quanto dura lo spettacolo?
Eventi Culturali|Is photography permitted during the performance?|Le foto sono permesse durante lo spettacolo?
Eventi Culturali|Is there an intermission?|C'è un intervallo?
Eventi Culturali|What time does the performance start?|A che ora inizia lo spettacolo?
Eventi Culturali|Where are the emergency exits?|Dove sono le uscite di emergenza?
Eventi Culturali|Where can I buy program notes?|Dove posso comprare il programma di sala?
Eventi Culturali|Where is my seat located?|Dove si trova il mio posto?
Eventi Culturali|Where is the box office?|Dove si trova la biglietteria?
Famiglia|Aunt|Zia
Famiglia|Brother-in-law|Cognato
Famiglia|Brother|Fratello
Famiglia|Cousin (female)|Cugina
Famiglia|Cousin (male)|Cugino
Famiglia|Daughter|Figlia
Famiglia|Ex-husband|Ex marito
Famiglia|Ex-wife|Ex moglie
Famiglia|Father / Dad|Padre / Papà
Famiglia|Father-in-law|Suocero
Famiglia|Grandfather / Grandpa|Nonno
Famiglia|Grandmother / Grandma|Nonna
Famiglia|Great-grandfather|Bisnonno
Famiglia|Great-grandmother|Bisnonna
Famiglia|Husband|Marito
Famiglia|I have two brothers|Ho due fratelli
Famiglia|I'm an only child|Sono figlio unico
Famiglia|Mother / Mom|Madre / Mamma
Famiglia|Mother-in-law|Suocera
Famiglia|My sister is older than me|Mia sorella è più grande di me
Famiglia|Nephew|Nipote (maschio)
Famiglia|Niece|Nipote (femmina)
Famiglia|Partner / Boyfriend|Compagno / Fidanzato
Famiglia|Partner / Girlfriend|Compagna / Fidanzata
Famiglia|Sister-in-law|Cognata
Famiglia|Sister|Sorella
Famiglia|Son|Figlio
Famiglia|Stepdaughter|Figliastra
Famiglia|Stepfather|Patrigno
Famiglia|Stepmother|Matrigna
Famiglia|Stepson|Figliastro
Famiglia|This is my family|Questa è la mia famiglia
Famiglia|Uncle|Zio
Famiglia|Wife|Moglie
Festività e auguri|Another year wiser!|Un altro anno più saggio!
Festività e auguri|Be mine!|Sii mio/a!
Festività e auguri|Birthday invitations|Inviti
Festività e auguri|Cheers to a great year ahead!|Alla salute di un anno fantastico!
Festività e auguri|Come celebrate with me!|Vieni a festeggiare con me!
Festività e auguri|Congrats on graduating!|Congratulazioni per la laurea!
Festività e auguri|Congratulations on your wedding!|Congratulazioni per il matrimonio!
Festività e auguri|Eat lots of turkey!|Mangia tanto tacchino!
Festività e auguri|Enjoy your Easter eggs!|Goditi le uova di Pasqua!
Festività e auguri|Get well soon!|Guarisci presto!
Festività e auguri|Grateful for you!|Ti sono grato/a!
Festività e auguri|Happy Birthday!|Buon compleanno!
Festività e auguri|Happy Diwali!|Buon Diwali!
Festività e auguri|Happy Easter!|Buona Pasqua!
Festività e auguri|Happy Hanukkah!|Buon Hanukkah!
Festività e auguri|Happy Holidays!|Buone feste!
Festività e auguri|Happy New Year!|Felice Anno Nuovo!
Festività e auguri|Happy Thanksgiving!|Buon Ringraziamento!
Festività e auguri|Happy Valentine's Day!|Buon San Valentino!
Festività e auguri|Have a magical Christmas!|Passa un Natale magico!
Festività e auguri|Hope all your wishes come true!|Che tutti i tuoi desideri si avverino!
Festività e auguri|Hope the Easter Bunny visits you!|Che il coniglietto pasquale ti porti dolci!
Festività e auguri|Hope you feel better!|Spero ti senta meglio!
Festività e auguri|Hope you like it!|Spero ti piaccia!
Festività e auguri|It's my party, don't be late!|È la mia festa, non fare tardi!
Festività e auguri|Just a little something|Solo un pensierino
Festività e auguri|Let your life shine like the lamps!|Che la tua vita brilli come le lampade!
Festività e auguri|May your candles shine bright!|Che le tue candele brillino!
Festività e auguri|Merry Christmas!|Buon Natale!
Festività e auguri|New Year, new beginnings!|Anno nuovo, nuovi inizi!
Festività e auguri|Perfect match!|Siete fatti l'uno per l'altra!
Festività e auguri|Roses are red …|Inizio di poesia tradizionale
Festività e auguri|Santa's on his way!|Babbo Natale sta arrivando!
Festività e auguri|Season's Greetings!|Buone feste! Formale, per cartoline
Festività e auguri|See you next year!|Ci vediamo l'anno prossimo! – scherzoso
Festività e auguri|Sending you healthy vibes!|Ti mando energia positiva!
Festività e auguri|Thank you! Same to you!|Rispondere: grazie, altrettanto!
Festività e auguri|That's so kind!|Che gentile!
Festività e auguri|The world is yours now!|Il mondo è tuo ora!
Festività e auguri|This is for you|Questo è per te
Festività e auguri|Warmest Christmas wishes!|I più calorosi auguri di Natale!
Festività e auguri|What's next, genius?|E adesso, genio?
Festività e auguri|Wishing you a fantastic day!|Ti auguro una giornata fantastica!
Festività e auguri|Wishing you a lifetime of love!|Una vita di amore!
Festività e auguri|Wishing you all the best!|Buone feste!Ti auguro il meglio!
Festività e auguri|You stole my heart!|Mi hai rubato il cuore!
Festività e auguri|You too!|Anche a te!
Frasi per bambini|Say please!|Di' per favore!
Frasi per bambini|Share with your friend|Condividi con il tuo amico
Frasi per bambini|Time for bed!|È ora di dormire!
Frasi per contesti romantici|I have a crush on you|Ho una cotta per te
Frasi per contesti romantici|Let's go on a date|Usciamo insieme
Frasi per contesti romantici|You're my sweetheart|Sei il mio tesoro
Frasi per viaggi / trasporti|Can I have a window/aisle seat?|Posso avere un posto finestrino/corridoio?
Frasi per viaggi / trasporti|Does this bus/train go to…?|Questo autobus/treno va a…?
Frasi per viaggi / trasporti|How do I get to…?|Come arrivo a…?
Frasi per viaggi / trasporti|I missed my stop|Ho perso la fermata
Frasi per viaggi / trasporti|Is this seat taken?|Questo posto è libero?
Hotel / Ostello / Alloggio|Can I pay in cash?|Posso pagare in contanti?
Hotel / Ostello / Alloggio|Can I pay in dollars?|Posso pagare in dollari?
Hotel / Ostello / Alloggio|Can you change the sheets?|Potrebbe cambiare le lenzuola?
Hotel / Ostello / Alloggio|Can you please clean my room?|Potrebbe pulire la mia camera, per favore?
Hotel / Ostello / Alloggio|How do you turn on the air-conditioning?|Come si accende l'aria condizionata?
Hotel / Ostello / Alloggio|How much is it per night?|Quanto costa a notte?
Hotel / Ostello / Alloggio|I lost my key|Ho perso la mia chiave
Hotel / Ostello / Alloggio|I need another …|Mi serve un altro …
Hotel / Ostello / Alloggio|The water is cold|L'acqua è fredda
Hotel / Ostello / Alloggio|The water is too hot|L'acqua è troppo calda
Hotel / Ostello / Alloggio|There is no …|Non c'è …
Hotel / Ostello / Alloggio|Where is room number 123?|Dov'è la stanza numero 123?
Hotel / Ostello / Alloggio|Where is the TV remote?|Dov'è il telecomando della TV?
Incertezza|I can't do it|Non posso farlo
Incertezza|I don't think so|Non penso
Incertezza|I'm busy|Sono occupato/a
Incertezza|I'm not sure|Non sono sicuro/a
Incertezza|Maybe not|Forse no
Indicazioni domande|Can you direct me to the nearest …?|Puoi indicarmi il/la … più vicino/a?
Indicazioni domande|How far is the … from here?|Quanto dista il/la … da qui?
Indicazioni domande|Is the … around here?|Il/La … è da queste parti?
Indicazioni domande|Is the … close by?|Il/La … è qui vicino?
Indicazioni|Across from…|Dall'altra parte rispetto a…
Indicazioni|After…|Dopo…
Indicazioni|Continue on this road|Continua su questa strada
Indicazioni|Could you help me get my bearings?|Potresti aiutarmi a orientarmi?
Indicazioni|Cross over|Attraversa
Indicazioni|Cross the street|Attraversa la strada
Indicazioni|Do you know where I can find…?|Sai dove posso trovare…?
Indicazioni|Facing…|Rivolto verso…
Indicazioni|Go across the street|Vai dall'altra parte della strada
Indicazioni|Go straight ahead|Vai dritto
Indicazioni|I have no idea where I am|Non ho idea di dove mi trovi
Indicazioni|I need to locate…|Devo localizzare…
Indicazioni|I seem to have lost my way|Sembra che abbia perso la strada
Indicazioni|I think I took a wrong turn|Penso di aver sbagliato strada
Indicazioni|I'm having trouble finding…|Sto avendo difficoltà a trovare…
Indicazioni|I'm looking for…|Sto cercando…
Indicazioni|I'm lost|Mi sono perso
Indicazioni|I'm trying to find…|Sto provando a trovare…
Indicazioni|In front of…|Di fronte a…
Indicazioni|It's a bit of a drive from…|È un po' distante in macchina da…
Indicazioni|It's close to…|È vicino a…
Indicazioni|It's far from…|È lontano da…
Indicazioni|It's just a short walk from…|È a pochi passi da…
Indicazioni|It's just after you turn right|È subito dopo aver girato a destra
Indicazioni|It's near…|È nei pressi di…
Indicazioni|It's not within easy reach of…|Non è facilmente raggiungibile da…
Indicazioni|It's quite a way from…|È abbastanza lontano da…
Indicazioni|Just keep going forward|Continua ad andare avanti
Indicazioni|Just outside of…|Appena fuori da…
Indicazioni|Keep going straight|Prosegui dritto
Indicazioni|Make a left / right|Svolta a sinistra / destra
Indicazioni|Make your way across at the crosswalk|Attraversa sulle strisce pedonali
Indicazioni|Once you've passed…|Una volta superato…
Indicazioni|Past…|Superato…
Indicazioni|Right after…|Subito dopo…
Indicazioni|Right in front of…|Proprio di fronte a…
Indicazioni|Take a left at the next street|Gira a sinistra alla prossima strada
Indicazioni|The next left is the one you want|La prossima a sinistra è quella che ti serve
Indicazioni|Turn left / right|Gira a sinistra / destra
Indicazioni|You can easily reach it from…|Puoi raggiungerlo facilmente da…
Lavoro / Ufficio|Can we reschedule?|Possiamo riprogrammare?
Lavoro / Ufficio|I'll get back to you|Ti risponderò più tardi
Lavoro / Ufficio|I'm off today|Oggi sono libero
Lavoro / Ufficio|I'm on a break|Sono in pausa
Lavoro / Ufficio|Let's touch base later|Sentiamoci più tardi, formale
Lavoro e Carriera|Could we reschedule the meeting?|Potremmo riprogrammare la riunione?
Lavoro e Carriera|I need a day off|Ho bisogno di un giorno libero
Lavoro e Carriera|I'd like to discuss my career progression|Vorrei discutere della mia progressione di carriera
Lavoro e Carriera|I'll take the lead on this project|Mi occuperò io di questo progetto
Lavoro e Carriera|I'm following up on my application|Sto facendo un follow-up sulla mia candidatura
Lavoro e Carriera|I'm submitting my application|Sto inviando la mia candidatura
Lavoro e Carriera|I'm working remotely today|Oggi lavoro da remoto
Lavoro e Carriera|Let's circle back to this topic|Torniamo su questo argomento
Lavoro e Carriera|What are the next steps?|Quali sono i prossimi passi?
Lavoro e Carriera|When can I expect feedback?|Quando posso aspettarmi un feedback?
Medico / Ospedale|Are you okay?|Stai bene?
Medico / Ospedale|He's bleeding|Sta sanguinando
Medico / Ospedale|How do you feel?|Come ti senti?
Medico / Ospedale|I banged my head|Ho sbattuto la testa
Medico / Ospedale|I feel better|Mi sento meglio
Medico / Ospedale|I had an accident|Ho avuto un incidente
Medico / Ospedale|I have a broken leg|Ho la gamba rotta
Medico / Ospedale|I need a doctor|Mi serve un dottore
Medico / Ospedale|I need an ambulance|Mi serve un'ambulanza
Medico / Ospedale|I need help|Mi serve aiuto
Medico / Ospedale|I'm hurt|Mi sono fatto male
Medico / Ospedale|My head/stomach/foot/back hurts |Il mio/La mia testa/stomaco/piede/schiena fa male
Medico / Ospedale|Where is the hospital?|Dov'è l'ospedale?
Medico / Ospedale|Where is the pharmacy?|Dov'è la farmacia?
Mi dispiace|I'm really sorry|Mi dispiace davvero
Mi dispiace|I'm so sorry to hear that|Mi dispiace tanto sentirlo
Mi dispiace|I'm sorry|Mi dispiace
Museo|Are guided tours available?|Sono disponibili visite guidate?
Museo|Are photos allowed?|Le foto sono permesse?
Museo|Can I leave my backpack here?|Posso lasciare qui il mio zaino?
Museo|Can I re-enter with this ticket?|Posso rientrare con questo biglietto?
Museo|Is there a student discount?|C'è uno sconto studenti?
Museo|Is there an audio guide available?|C'è un'audioguida disponibile?
Museo|Is this the way to the special exhibition?|Questa è la strada per la mostra speciale?
Museo|What time does the museum close?|A che ora chiude il museo?
Museo|Where are the restrooms?|Dove sono i bagni?
Museo|Where can I buy tickets?|Dove posso comprare i biglietti?
Museo|Where is the Renaissance art section?|Dove si trova la sezione d'arte rinascimentale?
Museo|Where is the coat check?|Dove si trova il guardaroba?
Museo|Where is the museum exit?|Dov'è l'uscita del museo?
Musica / Danza|Can you show me how to dance?|Puoi mostrarmi come ballare?
Musica / Danza|Do you like rock music?|Ti piace la musica rock?
Musica / Danza|I can't hear|Non riesco a sentire
Musica / Danza|I don't know how to dance|Non so ballare
Musica / Danza|I don't like this music|Non mi piace questa musica
Musica / Danza|I love this song|Amo questa canzone
Musica / Danza|The music is very loud|La musica è molto alta
Musica / Danza|Who is your favorite singer?|Chi è il tuo cantante preferito?
Musica / Danza|Who sings this song?|Chi canta questa canzone?
Musica / Danza|Would you like to dance?|Ti va di ballare?
Negozio di Vestiti|Can I pay by card?|Posso pagare con carta?
Negozio di Vestiti|Can I return this if it doesn't fit?|Posso restituirlo se non va bene?
Negozio di Vestiti|Could I try this on?|Posso provarlo?
Negozio di Vestiti|Do you have a bigger/smaller size?|Avete una taglia più grande/piccola?
Negozio di Vestiti|Do you have this in size M?|Avete questa in taglia M?
Negozio di Vestiti|Do you offer student discounts?|Fate sconti studenti?
Negozio di Vestiti|How long is the return policy?|Quanto dura il periodo di reso?
Negozio di Vestiti|Is this available in blue?|È disponibile in blu?
Negozio di Vestiti|Is this on sale?|È in sconto?
Negozio di Vestiti|It's too tight/loose|È troppo stretto/largo
Negozio di Vestiti|Where are the fitting rooms?|Dove sono i camerini?
Numeri e contare|Eighteen|Diciotto
Numeri e contare|Eighty|Ottanta
Numeri e contare|Eight|Otto
Numeri e contare|Eleven|Undici
Numeri e contare|Fifteen|Quindici
Numeri e contare|Fifth|Quinto
Numeri e contare|Fifty percent|Cinquanta percento
Numeri e contare|Fifty-fifty|Cinquanta e cinquanta
Numeri e contare|Fifty|Cinquanta
Numeri e contare|First|Primo
Numeri e contare|Five|Cinque
Numeri e contare|Forty|Quaranta
Numeri e contare|Fourteen|Quattordici
Numeri e contare|Fourth|Quarto
Numeri e contare|Four|Quattro
Numeri e contare|I live at 42 Main Street|Vivo al 42 (quarantadue) di Main Street
Numeri e contare|Last|Ultimo
Numeri e contare|Minus ten|Meno dieci
Numeri e contare|My number is 555-123-4567|Il mio numero è cinque-cinque-cinque, uno-due-tre, quattro-cinque-sei-sette
Numeri e contare|Negative five|Negativo cinque / Meno cinque
Numeri e contare|Nineteen|Diciannove
Numeri e contare|Ninety|Novanta
Numeri e contare|Nine|Nove
Numeri e contare|One half|Un mezzo
Numeri e contare|One hundred|Cento
Numeri e contare|One million|Un milione
Numeri e contare|One quarter / One fourth|Un quarto
Numeri e contare|One third|Un terzo
Numeri e contare|One thousand|Mille
Numeri e contare|One|Uno
Numeri e contare|Second|Secondo
Numeri e contare|Seventeen|Diciassette
Numeri e contare|Seventy|Settanta
Numeri e contare|Seven|Sette
Numeri e contare|Sixteen|Sedici
Numeri e contare|Sixty|Sessanta
Numeri e contare|Six|Sei
Numeri e contare|Ten|Dieci
Numeri e contare|The address is 1205 Oak Avenue|L'indirizzo è 1205 (milleduecentocinque) Oak Avenue
Numeri e contare|Third|Terzo
Numeri e contare|Thirteen|Tredici
Numeri e contare|Thirty|Trenta
Numeri e contare|Three point seven five|Tre virgola settantacinque
Numeri e contare|Three quarters|Tre quarti
Numeri e contare|Three|Tre
Numeri e contare|Twelve|Dodici
Numeri e contare|Twenty-one|Ventuno
Numeri e contare|Twenty|Venti
Numeri e contare|Two point five|Due virgola cinque
Numeri e contare|Two|Due
Numeri e contare|Zero|Zero
Parole per le domande|How are you?|Come stai?
Parole per le domande|How many?|Quanti?
Parole per le domande|How much?|Quanto?
Parole per le domande|How|Come
Parole per le domande|What is this?|Cos'è questo?
Parole per le domande|What time?|Che ora?
Parole per le domande|What|Cosa/Che cosa
Parole per le domande|When are you coming?|Quando vieni?
Parole per le domande|When|Quando
Parole per le domande|Where are you?|Dove sei?
Parole per le domande|Where is it?|Dov'è?
Parole per le domande|Where|Dove
Parole per le domande|Which one?|Quale?
Parole per le domande|Which|Quale
Parole per le domande|Who are you?|Chi sei?
Parole per le domande|Who is that?|Chi è quello/a?
Parole per le domande|Who|Chi
Parole per le domande|Why not?|Perché no?
Parole per le domande|Why|Perché
Parti del corpo|Ankle|Caviglia
Parti del corpo|Arm|Braccio
Parti del corpo|Back|Schiena
Parti del corpo|Belly|Pancia
Parti del corpo|Big toe|Alluce
Parti del corpo|Buttocks|Sedere/Glutei
Parti del corpo|Calf|Polpaccio
Parti del corpo|Canine teeth|Denti canini
Parti del corpo|Chest/Breast|Petto/Seno
Parti del corpo|Chin|Mento
Parti del corpo|Collarbone|Clavicola
Parti del corpo|Ears|Orecchie
Parti del corpo|Elbow|Gomito
Parti del corpo|Eyebrows|Sopracciglia
Parti del corpo|Eyelashes|Ciglia
Parti del corpo|Eyes|Occhi
Parti del corpo|Foot|Piede
Parti del corpo|Forearm|Avambraccio
Parti del corpo|Forehead|Fronte
Parti del corpo|Hair|Capelli
Parti del corpo|Hand|Mano
Parti del corpo|Head|Testa
Parti del corpo|Heart|Cuore
Parti del corpo|Heel|Tallone
Parti del corpo|Hip|Fianco
Parti del corpo|I hurt my hand|Mi sono fatto male alla mano
Parti del corpo|Incisors|Denti incisivi
Parti del corpo|Index finger|Dito indice
Parti del corpo|Knee|Ginocchio
Parti del corpo|Leg|Gamba
Parti del corpo|Lips|Labbra
Parti del corpo|Liver|Fegato
Parti del corpo|Lungs|Polmoni
Parti del corpo|Middle finger|Dito medio
Parti del corpo|Mouth|Bocca
Parti del corpo|My back hurts|Mi fa male la schiena
Parti del corpo|Neck|Collo
Parti del corpo|Nose|Naso
Parti del corpo|Palm|Palmo della mano
Parti del corpo|Pelvis|Bacino
Parti del corpo|Pinky finger|Dito mignolo
Parti del corpo|Point to your nose|Indica il tuo naso
Parti del corpo|Premolars|Denti premolari
Parti del corpo|Pupil|Pupilla dell'occhio
Parti del corpo|Ring finger|Dito anulare
Parti del corpo|Shoulder|Spalla
Parti del corpo|Spine|Colonna vertebrale
Parti del corpo|Stomach|Stomaco
Parti del corpo|Teeth|Denti
Parti del corpo|Throat|Gola
Parti del corpo|Thumb|Dito pollice
Parti del corpo|Wrist|Polso
Polizia|Can you help me?|Può aiutarmi?
Polizia|Could I see your badge number?|Potrei vedere il suo numero di distintivo?
Polizia|I need assistance|Ho bisogno di assistenza
Polizia|I need to file a police report|Devo sporgere denuncia
Polizia|I need to report a theft|Devo denunciare un furto
Polizia|I witnessed a crime|Ho assistito a un crimine
Polizia|I've been in a car accident|Sono stato coinvolto in un incidente d'auto
Polizia|I've lost my passport|Ho perso il passaporto
Polizia|My wallet was stolen|Mi hanno rubato il portafoglio
Polizia|Please show me your identification|Mi mostri i documenti per favore
Polizia|Please take my statement|Per favore prenda la mia deposizione
Polizia|Someone broke into my car|Qualcuno è entrato nella mia macchina
Polizia|When will I get a copy of the report?|Quando avrò una copia della denuncia?
Polizia|Where is the nearest police station?|Dov'è il commissariato più vicino?
Preposizioni|At 3 o'clock|Alle 3
Preposizioni|At home|A casa
Preposizioni|At|A/Da
Preposizioni|Behind|Dietro
Preposizioni|Between you and me|Tra me e te
Preposizioni|Between|Tra/Fra
Preposizioni|Far from|Lontano da
Preposizioni|In Italy|In Italia
Preposizioni|In front of|Davanti a
Preposizioni|In the house|Nella casa
Preposizioni|In|In/Nel/Nella
Preposizioni|Near|Vicino a
Preposizioni|Next to|Accanto a
Preposizioni|On Monday|Di lunedì
Preposizioni|On the table|Sul tavolo
Preposizioni|On|Su/Sopra
Preposizioni|Over there|Laggiù
Preposizioni|Over|Sopra/Su
Preposizioni|Under the bed|Sotto il letto
Preposizioni|Under|Sotto
Problemi / Soluzioni|Can you call your superior?|Può chiamare il suo superiore?
Problemi / Soluzioni|Can you fix it?|Può aggiustarlo?
Problemi / Soluzioni|How much will it cost to fix it?|Quando costa aggiustarlo?
Problemi / Soluzioni|I don't know what happened|Non so cosa sia successo
Problemi / Soluzioni|I have a problem|Ho un problema
Problemi / Soluzioni|I need a receipt|Mi serve la ricevuta
Problemi / Soluzioni|I'm going to get a second opinion|Chiederò una seconda opinione
Problemi / Soluzioni|It is broken|È rotto
Problemi / Soluzioni|It is not working|Non funziona
Problemi / Soluzioni|What time should I pick it up?|A che ora devo passare a prenderlo?
Problemi / Soluzioni|Will it take a lot of time?|Ci vorrà molto tempo?
Relazioni|Do you have a boyfriend?|Hai un fidanzato?
Relazioni|Do you have a girlfriend?|Hai una fidanzata?
Relazioni|Do you have children?|Hai dei figli?
Relazioni|Do you want to go out with me?|Vuoi uscire con me?
Relazioni|I have … kids|Ho … bambini
Relazioni|I'm divorced|Sono divorziato/a
Relazioni|I'm engaged|Sono fidanzato/a
Relazioni|I'm in a relationship|Sono fidanzato/a
Relazioni|I'm married|Sono sposato/a
Relazioni|I'm single|Sono single
Rispondere a una buona notizia|Brilliant!|Geniale!
Rispondere a una buona notizia|Congrats!|Complimenti!
Rispondere a una buona notizia|Congratulations!|Congratulazioni!
Rispondere a una buona notizia|Excellent!|Eccellente!
Rispondere a una buona notizia|Fantastic!|Fantastico!
Rispondere a una buona notizia|How nice|Che bello
Rispondere a una buona notizia|I couldn't be happier to hear that!|Non potrei essere più felice di sentirlo!
Rispondere a una buona notizia|I'm so happy for you|Sono così felice per te
Rispondere a una buona notizia|I'm so proud of you!|Sono così orgoglioso/a di te!
Rispondere a una buona notizia|I'm thrilled for you!|Sono entusiasta per te!
Rispondere a una buona notizia|Outstanding!|Straordinario!
Rispondere a una buona notizia|Superb!|Superbo!
Rispondere a una buona notizia|That's amazing!|È incredibile!
Rispondere a una buona notizia|That's awesome!|Fantastico!
Rispondere a una buona notizia|That's great!|È magnifico!
Rispondere a una buona notizia|That's lovely|Che meraviglia
Rispondere a una buona notizia|This is such good news!|Questa è davvero una bella notizia!
Rispondere a una buona notizia|Top-notch!|Di prima classe! Colloquiale
Rispondere a una buona notizia|Well done!|Ben fatto!
Rispondere a una buona notizia|What a blessing!|Che benedizione!
Rispondere a una buona notizia|You deserve it!|Te lo meriti!
Rispondere alle cattive notizie|How horrible!|È orribile
Rispondere alle cattive notizie|How unfortunate|Che sfortuna
Rispondere alle cattive notizie|I can't believe it!|Non posso crederci!
Rispondere alle cattive notizie|I'm at a loss for words|Non ho parole
Rispondere alle cattive notizie|I'm in shock!|Sono sotto shock!
Rispondere alle cattive notizie|No way!|Non ci credo!
Rispondere alle cattive notizie|Talk about being in the wrong place at the wrong time|Si parla di essere nel posto sbagliato al momento sbagliato
Rispondere alle cattive notizie|That's awful!|È terribile!
Rispondere alle cattive notizie|That's just not fair|Non è giusto
Rispondere alle cattive notizie|That's rough|È dura
Rispondere alle cattive notizie|That's such bad luck!|Che brutta sfortuna!
Rispondere alle cattive notizie|That's terrible!|È tremendo!
Rispondere alle cattive notizie|That's too bad|È un peccato
Rispondere alle cattive notizie|That's unbelievable!|È incredibile!
Rispondere alle cattive notizie|What a nightmare!|Che incubo!
Rispondere alle cattive notizie|What a shame|Che peccato
Rispondere alle cattive notizie|What bad luck!|Che sfortuna!
Ristoranti / Mangiare|Can I get a "To Go" box?|Potrei avere un contenitore per portarlo via?
Ristoranti / Mangiare|Can I get another …?|Potrei avere un altro …?
Ristoranti / Mangiare|Can I get this with …?|Potrei avere questo con …?
Ristoranti / Mangiare|Can I get this without onions?|Potrei avere questo senza cipolle?
Ristoranti / Mangiare|Can I get this without …?|Potrei avere questo senza …?
Ristoranti / Mangiare|Could I get a menu?|Potrei avere un menù?
Ristoranti / Mangiare|Could I get the bill, please?|Posso avere il conto, per favore?
Ristoranti / Mangiare|Could you please clean off the table?|Potrebbe pulire il tavolo, per favore?
Ristoranti / Mangiare|Do you have a reservation?|Ha una prenotazione?
Ristoranti / Mangiare|Here is your tip|Ecco la sua mancia
Ristoranti / Mangiare|I need change|Mi serve il resto
Ristoranti / Mangiare|I'd like a table for two, please|Vorrei un tavolo per due, per favore
Ristoranti / Mangiare|Is this spicy? I don't like spicy food|Questo è piccante? Non mi piace il cibo piccante
Ristoranti / Mangiare|It was delicious|Era delizioso
Ristoranti / Mangiare|Keep the change|Tenga il resto
Ristoranti / Mangiare|No, but is there a table available?|No, ma c'è un tavolo disponibile?
Ristoranti / Mangiare|What do you recommend?|Che cosa mi consiglia?
Salute e Benessere|Are there any side effects?|Ci sono effetti collaterali?
Salute e Benessere|How many times a day should I take this?|Quante volte al giorno devo prenderlo?
Salute e Benessere|I have a fever|Ho la febbre
Salute e Benessere|I need to exercise more|Devo fare più esercizio
Salute e Benessere|I need to make a doctor's appointment|Devo prendere un appuntamento dal medico
Salute e Benessere|I need to refill my prescription|Devo rifare la ricetta
Salute e Benessere|I need to see a specialist|Devo vedere uno specialista
Salute e Benessere|I'm allergic to penicillin|Sono allergico alla penicillina
Salute e Benessere|I've been feeling dizzy|Mi sono sentito stordito
Salute e Benessere|Where is the nearest pharmacy?|Dov'è la farmacia più vicina?
Saluti e buone maniere|After you!|Dopo di te, per far passare qualcuno
Saluti e buone maniere|Afternoon!|Buon pomeriggio, informale
Saluti e buone maniere|Age before beauty|Scherzoso, per far passare qualcuno più grande
Saluti e buone maniere|And you?|E tu?
Saluti e buone maniere|Anytime!|Prego, non c'è di che
Saluti e buone maniere|Apology accepted|Scuse accettate
Saluti e buone maniere|Bless you!|Salute! Dopo uno starnuto
Saluti e buone maniere|Bye! / Bye-bye!|Addio, informale
Saluti e buone maniere|Catch you later!|Ciao, quando te ne vai, molto informale
Saluti e buone maniere|Doing fine|Tutto ok
Saluti e buone maniere|Don't worry about it|Nessun problema, informale
Saluti e buone maniere|Evening!|Buonasera più informale
Saluti e buone maniere|Excuse me|Per disturbare o chiedere permesso
Saluti e buone maniere|Farewell!|Addio, molto formale o drammatico
Saluti e buone maniere|Fine / I'm good / I'm well|Bene. Più naturale
Saluti e buone maniere|Forgive me|Per disturbare o chiedere permesso, molto formale
Saluti e buone maniere|Good afternoon|Buon pomeriggio, in inglese si usa tra mezzogiorno e le 18:00
Saluti e buone maniere|Good day|Saluto formale
Saluti e buone maniere|Good evening|Buonasera
Saluti e buone maniere|Good morning|Buongiorno
Saluti e buone maniere|Good to see you!|Felice di vederti
Saluti e buone maniere|Goodbye|Addio
Saluti e buone maniere|Good|Come stai? Bene
Saluti e buone maniere|Great! / All good|Bene. Informale
Saluti e buone maniere|Happy to help!|Prego, felice di aiutare
Saluti e buone maniere|Have a blast!|Per augurare divertimento
Saluti e buone maniere|Have a good one!|Ciao, quando te ne vai, generico per augurare una buona giornata
Saluti e buone maniere|Hello|Ciao
Saluti e buone maniere|Hey there!|Ciao amichevole
Saluti e buone maniere|Hi|Ciao più informale
Saluti e buone maniere|How about you?|E tu? Più naturale in conversazione
Saluti e buone maniere|How are things with you?|E tu? Più naturale in conversazione
Saluti e buone maniere|How are you?|Come stai?
Saluti e buone maniere|How have you been?|Come stai?
Saluti e buone maniere|How's it going?|Come va? Molto informale
Saluti e buone maniere|How's life treating you?|Per chiedere come sta andando la vita
Saluti e buone maniere|How's life?|Come va la tua vita? Informale
Saluti e buone maniere|Howdy|Saluto informale, tipico americano
Saluti e buone maniere|I appreciate it|L'ho apprezzato, più formale
Saluti e buone maniere|I'm fine / I'm alright / Not bad|Tutto ok, più naturali a seconda del contesto
Saluti e buone maniere|I'm ok|Tutto ok
Saluti e buone maniere|I'm sorry / I apologize|Scusa, più formale
Saluti e buone maniere|It's alright|Nessun problema, rassicurante
Saluti e buone maniere|It's nothing|Prego, non è nulla, molto informale
Saluti e buone maniere|Just surviving|Bene. Umoristico, per situazioni stressanti
Saluti e buone maniere|Ladies first|Prima le donne, formale
Saluti e buone maniere|Long time no see!|Saluto informale, dopo molto tempo
Saluti e buone maniere|Look who it is!|Per esprimere sorpresa nel vedere qualcuno
Saluti e buone maniere|Lovely evening, isn't it?|Buonasera conversazionale
Saluti e buone maniere|Morning!|Buongiorno più colloquiale
Saluti e buone maniere|My bad!|Colpa mia, informale, ammettendo un errore
Saluti e buone maniere|No harm done|Se non ci sono conseguenze
Saluti e buone maniere|No problem! / Don't mention it! / My pleasure!|Prego, più colloquiali
Saluti e buone maniere|No problem|Nessun problema
Saluti e buone maniere|No worries!|Prego, comune in UK/Australia
Saluti e buone maniere|Of course!|Prego, per sottolineare disponibilità
Saluti e buone maniere|Pardon me|Per disturbare o chiedere permesso, formale
Saluti e buone maniere|Peace out!|Ciao, quando te ne vai, slang giovanile
Saluti e buone maniere|Rise and shine!|Molto informale è ora di alzarsi
Saluti e buone maniere|See you later! / Later!|Ciao, informale
Saluti e buone maniere|Sleep well?|Domanda informale al mattino
Saluti e buone maniere|Sorry|Scusa
Saluti e buone maniere|Stay safe!|Specie in contesti formali/post-pandemia
Saluti e buone maniere|Sup?|Versione abbreviata di What's up?
Saluti e buone maniere|Take care!|Ciao, stammi bene
Saluti e buone maniere|Talk to you later!|Ci sentiamo dopo
Saluti e buone maniere|Thank you so much|Grazie, per enfatizzare
Saluti e buone maniere|Thank you|Grazie
Saluti e buone maniere|Thanks a ton / a million!|Grazie mille, più informale
Saluti e buone maniere|Thanks!|Grazie più informale
Saluti e buone maniere|Till we meet again!|Arrivederci formale/poetico
Saluti e buone maniere|Top of the morning to you!|Saluto, espressione irlandese
Saluti e buone maniere|Until next time!|Ciao, quando te ne vai, generico per augurare buone giornate
Saluti e buone maniere|What about yourself?|E tu? Più naturale in conversazione
Saluti e buone maniere|What's cracking?|Slang giovanile per Come va?
Saluti e buone maniere|What's new?|Come stai? Informale, per chiedere novità
Saluti e buone maniere|What's up?|Come va?
Saluti e buone maniere|Yo!|Saluto molto informale, slang giovanile
Saluti e buone maniere|You first!|Informale, per cedere il passo
Saluti e buone maniere|You're welcome|Prego
Scuse|I didn't mean to…|Non intendevo…
Scuse|I messed up|Ho fatto un pasticcio, informale
Scuse|That was my fault|È stata colpa mia
Servizi di Emergenza|How do I perform CPR?|Come faccio la RCP?
Servizi di Emergenza|I need an ambulance immediately|Ho bisogno di un'ambulanza immediatamente
Servizi di Emergenza|I need the fire department|Ho bisogno dei vigili del fuoco
Servizi di Emergenza|I need urgent medical attention|Ho bisogno di cure mediche urgenti
Servizi di Emergenza|I smell gas|Sento odore di gas
Servizi di Emergenza|I've cut myself badly|Mi sono tagliato seriamente
Servizi di Emergenza|Someone is unconscious|Qualcuno è incosciente
Servizi di Emergenza|There's a medical emergency|C'è un'emergenza medica
Servizi di Emergenza|There's been a fire|C'è stato un incendio
Servizi di Emergenza|Where is the nearest hospital?|Dov'è l'ospedale più vicino?
Shopping / Pagare per qualcosa|Can I get another bag?|Posso avere un'altra borsa?
Shopping / Pagare per qualcosa|Do you have delivery?|Fate consegne a domicilio?
Shopping / Pagare per qualcosa|Do you have more …?|Avete altro/i …?
Shopping / Pagare per qualcosa|Do you sell … here?|Vendete … qui?
Shopping / Pagare per qualcosa|Do you take credit cards?|Accettate carte di credito?
Shopping / Pagare per qualcosa|How cheap!|Quanto è economico!
Shopping / Pagare per qualcosa|How expensive!|Quanto è costoso!
Shopping / Pagare per qualcosa|How much does it cost?|Quanto costa questo?
Shopping / Pagare per qualcosa|I can't find it. Can you show me?|Non riesco a trovarlo. Potrebbe mostrarmelo?
Shopping / Pagare per qualcosa|My address is…|Il mio indirizzo è…
Shopping / Pagare per qualcosa|This is heavy. Can you help me?|È pesante. Potrebbe aiutarmi?
Shopping / Pagare per qualcosa|What time do you close?|A che ora chiudete?
Shopping / Pagare per qualcosa|What time do you open?|A che ora aprite?
Shopping / Pagare per qualcosa|When will you have more …?|Quando avrete altro/i…?
Shopping / Pagare per qualcosa|Where is the …?|Dov'è il/la…?
Shopping / Pagare per qualcosa|Will you take … for it?|Accettereste … per questo?
Situazioni Formali|According to the regulations|Secondo i regolamenti
Situazioni Formali|Could you provide documentation?|Potrebbe fornire documentazione?
Situazioni Formali|I hereby declare|Dichiaro con la presente
Situazioni Formali|I look forward to your response|Attendo con interesse la Sua risposta
Situazioni Formali|I need to file a complaint|Devo presentare un reclamo
Situazioni Formali|I need to speak with a supervisor|Devo parlare con un supervisore
Situazioni Formali|I would like to formally request|Vorrei richiedere formalmente
Situazioni Formali|Please find attached|Si prega di trovare in allegato
Situazioni Formali|Regarding the aforementioned matter|Riguardo alla questione sopra menzionata
Situazioni Formali|With all due respect|Con tutto il rispetto
Sport e hobby|Are you into gaming?|Ti piace giocare ai videogiochi?
Sport e hobby|Are you into sports?|Ti piacciono gli sport?
Sport e hobby|Competitions|Competizioni
Sport e hobby|Do you collect anything?|Collezioni qualcosa?
Sport e hobby|Do you do any sports?|Fai qualche sport? Alternativa più generica
Sport e hobby|Do you have a basketball?|Hai un pallone da basket?
Sport e hobby|Do you have any hobbies?|Hai hobby?
Sport e hobby|Do you play any sports?|Fai qualche sport?
Sport e hobby|Giving up a sport/hobby|Smettere un hobby
Sport e hobby|Good luck in your tournament!|Buona fortuna per il tuo torneo!
Sport e hobby|Hiking is my therapy|Le escursioni sono la mia terapia
Sport e hobby|Hobby-related phrases|Frasi legate agli hobby
Sport e hobby|I can't stand golf, it's so boring|Non sopporto il golf, è noioso
Sport e hobby|I do gymnastics|Faccio ginnastica
Sport e hobby|I don't have time for it anymore|Non ho più tempo
Sport e hobby|I enjoy painting|Mi diverto a dipingere
Sport e hobby|I go swimming|Vado a nuotare
Sport e hobby|I go to the gym three times a week|Vado in palestra tre volte a settimana
Sport e hobby|I like to hike|Mi piace fare escursioni
Sport e hobby|I like to … in my free time|Nel tempo libero mi piace …
Sport e hobby|I lost interest|Ho perso interesse
Sport e hobby|I love camping under the stars|Amo campeggiare sotto le stelle
Sport e hobby|I love reading|Amo leggere
Sport e hobby|I love watching the Olympics|Adoro guardare le Olimpiadi
Sport e hobby|I need new running shoes|Mi servono nuove scarpe da corsa
Sport e hobby|I play basketball|Gioco a basket
Sport e hobby|I play soccer|Gioco a calcio
Sport e hobby|I play tennis|Gioco a tennis
Sport e hobby|I play …|Gioco a …
Sport e hobby|I practice every Saturday|Mi alleno ogni sabato
Sport e hobby|I quit playing rugby|Ho smesso di giocare a rugby
Sport e hobby|I train … times a week|Mi alleno … volte a settimana
Sport e hobby|I won first place!|Ho vinto il primo posto!
Sport e hobby|I'm a beginner at yoga|Sono un principiante di yoga
Sport e hobby|I'm a fan of …|Sono un fan di …
Sport e hobby|I'm a huge football fan|Sono un grande fan del football americano
Sport e hobby|I'm crazy about Formula 1|Sono pazzo di Formula 1
Sport e hobby|I'm good at swimming|Sono bravo/a a nuotare
Sport e hobby|I'm good at …|Sono bravo/a in …
Sport e hobby|I'm into photography|Mi interessa la fotografia
Sport e hobby|I'm terrible at dancing|Sono pessimo/a a ballare
Sport e hobby|I'm training for a marathon|Mi sto allenando per una maratona
Sport e hobby|I'm trying to get fit|Sto cercando di mettermi in forma
Sport e hobby|I've been doing this for years|Lo faccio da anni
Sport e hobby|Invitations|Inviti
Sport e hobby|It helps me relax|Mi aiuta a rilassarmi
Sport e hobby|Let's go cycling this weekend!|Andiamo in bici questo weekend!
Sport e hobby|Let's play a match!|Facciamo una partita!
Sport e hobby|Let's play …!|Giochiamo a …!
Sport e hobby|Let's try rock climbing!|Proviamo l'arrampicata!
Sport e hobby|Outdoor activities|Attività all'aperto
Sport e hobby|Sports equipment|Attrezzatura sportiva
Sport e hobby|That was an amazing match!|È stata una partita fantastica!
Sport e hobby|This is my passion|Questa è la mia passione
Sport e hobby|Up for a game of chess?|Ti va una partita a scacchi?
Sport e hobby|Wanna join our team?|Vuoi unirti alla nostra squadra?
Sport e hobby|Want to join our yoga class?|Vuoi unirti al nostro corso di yoga?
Sport e hobby|Watching sports|Guardare gli sport
Sport e hobby|We're playing volleyball on the beach, come along!|Giochiamo a pallavolo in spiaggia, vieni!
Sport e hobby|What do you do for fun?|Cosa fai per divertirti?
Sport e hobby|What's the score?|Qual è il punteggio?
Sport e hobby|What's your favorite sport?|Qual è il tuo sport preferito?
Sport e hobby|Where can I buy a tennis racket?|Dove posso comprare una racchetta da tennis?
Sport e hobby|Who's winning?|Chi sta vincendo?
Supporto|I can't imagine how you feel|Non riesco a immaginare come ti senti
Supporto|I'm here for you|Sono qui per te
Supporto|I'm so sorry about that|Mi dispiace tantissimo per questo
Supporto|Let me know if you need anything|Fammi sapere se hai bisogno di qualcosa
Supporto|My condolences|Le mie condoglianze, per lutti
Supporto|That must be really hard for you|Deve essere davvero difficile per te
Tecnologia / Social Media|Can you mute the mic?|Puoi disattivare il microfono?
Tecnologia / Social Media|I'll text you|Ti mando un messaggio
Tecnologia / Social Media|The Wi-Fi is down|La connessione non funziona
Tecnologia / Social Media|What's your Instagram handle?|Qual è il tuo Instagram?
Tecnologia e Digitale|How do I share this file?|Come condivido questo file?
Tecnologia e Digitale|How do I update the software?|Come aggiorno il software?
Tecnologia e Digitale|I can't access my account|Non riesco ad accedere al mio account
Tecnologia e Digitale|I need tech support|Ho bisogno di supporto tecnico
Tecnologia e Digitale|I need to restart my device|Devo riavviare il dispositivo
Tecnologia e Digitale|I'll send you a link|Ti mando un link
Tecnologia e Digitale|My internet connection is unstable|La mia connessione internet è instabile
Tecnologia e Digitale|The battery is draining quickly|La batteria si scarica rapidamente
Tecnologia e Digitale|The website won't load|Il sito web non si carica
Tecnologia e Digitale|Where are the settings?|Dove sono le impostazioni?
Trasloco e Affitto|Are utilities included?|Le utenze sono incluse?
Trasloco e Affitto|I need to give notice to vacate|Devo dare preavviso per lasciare l'appartamento
Trasloco e Affitto|I need to set up electricity|Devo attivare l'elettricità
Trasloco e Affitto|I'm here to view the apartment|Sono qui per vedere l'appartamento
Trasloco e Affitto|I'm looking to rent an apartment|Sto cercando di affittare un appartamento
Trasloco e Affitto|Is the apartment furnished?|L'appartamento è ammobiliato?
Trasloco e Affitto|What's the lease duration?|Qual è la durata del contratto?
Trasloco e Affitto|What's the security deposit?|Qual è il deposito cauzionale?
Trasloco e Affitto|Where can I get a moving van?|Dove posso trovare un furgone per il trasloco?
Trasloco e Affitto|Where do I collect the keys?|Dove ritiro le chiavi?
Trasporti|Airplane|Aereo
Trasporti|Airport|Aeroporto
Trasporti|Bicycle|Bicicletta
Trasporti|Bus|Autobus
Trasporti|Call me a taxi|Chiamami un taxi
Trasporti|Car|Macchina
Trasporti|How much is a ticket?|Quanto costa un biglietto?
Trasporti|I need a ticket to _ |Mi serve un biglietto per _ 
Trasporti|Platform number 5|Binario numero 5
Trasporti|Taxi|Taxi
Trasporti|Train station|Stazione ferroviaria
Trasporti|Train|Treno
Trasporti|When does the train leave?|Quando parte il treno?
Trasporti|Where is the bus stop?|Dov'è la fermata dell'autobus?
Ufficio Postale|How long will it take to arrive?|Quanto tempo ci metterà ad arrivare?
Ufficio Postale|I need insurance for this shipment|Ho bisogno di assicurazione per questa spedizione
Ufficio Postale|I need to buy stamps|Devo comprare francobolli
Ufficio Postale|I need to pick up a package|Devo ritirare un pacco
Ufficio Postale|I need to send this package|Devo spedire questo pacco
Ufficio Postale|I need tracking for this package|Ho bisogno del tracking per questo pacco
Ufficio Postale|What are your hours?|Quali sono i vostri orari?
Ufficio Postale|What's the postage to France?|Qual è l'affrancatura per la Francia?
Ufficio Postale|Where can I mail this letter?|Dove posso imbucare questa lettera?
Ufficio Postale|Where do I fill out the customs form?|Dove compilo il modulo doganale?
Verbi più conosciuti|Can (ability)|Potere (capacità)
Verbi più conosciuti|Can you _ ?|Puoi _ ?
Verbi più conosciuti|Come here|Vieni qui
Verbi più conosciuti|Do you want _ ?|Vuoi _ ?
Verbi più conosciuti|He/She has|Lui/Lei ha
Verbi più conosciuti|He/She is|Lui/Lei è
Verbi più conosciuti|I am|Io sono
Verbi più conosciuti|I can see|Riesco a vedere
Verbi più conosciuti|I can't find it|Non riesco a trovarlo
Verbi più conosciuti|I can't|Non posso
Verbi più conosciuti|I can|Posso/So fare
Verbi più conosciuti|I go|Io vado
Verbi più conosciuti|I have|Io ho
Verbi più conosciuti|I want|Voglio
Verbi più conosciuti|I'm coming|Sto arrivando
Verbi più conosciuti|I'm looking for _ |Sto cercando _ 
Verbi più conosciuti|Let's go!|Andiamo!
Verbi più conosciuti|See you later|Ci vediamo dopo
Verbi più conosciuti|They are|Loro sono
Verbi più conosciuti|To be|Essere
Verbi più conosciuti|To come|Venire
Verbi più conosciuti|To find|Trovare
Verbi più conosciuti|To go|Andare
Verbi più conosciuti|To have|Avere
Verbi più conosciuti|To look for|Cercare
Verbi più conosciuti|To see|Vedere
Verbi più conosciuti|To want|Volere
Verbi più conosciuti|We are|Noi siamo
Verbi più conosciuti|You are|Tu sei
Verbi più conosciuti|You have|Tu hai
Viaggi e Turismo|Can you recommend any local attractions?|Puoi raccomandare attrazioni locali?
Viaggi e Turismo|How do I get to the city center?|Come arrivo in centro città?
Viaggi e Turismo|How long is the flight?|Quanto dura il volo?
Viaggi e Turismo|I have a connecting flight|Ho un volo in coincidenza
Viaggi e Turismo|I'm interested in historical sites|Sono interessato a siti storici
Viaggi e Turismo|Is there a tourist information office?|C'è un ufficio informazioni turistiche?
Viaggi e Turismo|Is this seat taken?|Questo posto è occupato?
Viaggi e Turismo|What time does the tour start?|A che ora inizia il tour?
Viaggi e Turismo|Where can I claim my luggage?|Dove posso ritirare il bagaglio?
Viaggi e Turismo|Where is the boarding gate?|Dov'è il gate d'imbarco?
Vita Quotidiana|Could you babysit?|Potresti fare da babysitter?
Vita Quotidiana|I need to do laundry|Devo fare il bucato
Vita Quotidiana|I need to pay the bills|Devo pagare le bollette
Vita Quotidiana|I need to walk the dog|Devo portare a spasso il cane
Vita Quotidiana|I'm cleaning the house|Sto pulendo casa
Vita Quotidiana|I'm out of groceries|Sono senza provviste
Vita Quotidiana|The light bulb needs replacing|La lampadina deve essere sostituita
Vita Quotidiana|The plants need watering|Le piante hanno bisogno di essere annaffiate
Vita Quotidiana|The sink is clogged|Il lavandino è intasato
Vita Quotidiana|When is trash collection?|Quando passano a ritirare la spazzatura?